PP.H4	signal1	lead1	signal2	lead2
0.42689252	QTD000161_ENSG00000283667_L1	chr18_63970740_C_T	QTD000221_ENSG00000166401_L1	chr18_63955557_G_A
0.55796665	QTD000161_ENSG00000283667_L1	chr18_63970740_C_T	QTD000221_ENSG00000283667_L1	chr18_63958124_T_C
0.9446867	QTD000161_ENSG00000283667_L1	chr18_63970740_C_T	QTD000336_ENSG00000283667_L2	chr18_63970740_C_T
0.9768108	QTD000161_ENSG00000283667_L1	chr18_63970740_C_T	QTD000196_ENSG00000283667_L1	chr18_63970740_C_T
0.8254955	QTD000161_ENSG00000283667_L1	chr18_63970740_C_T	QTD000166_ENSG00000283667_L3	chr18_63970740_C_T
0.9184877	QTD000161_ENSG00000283667_L1	chr18_63970740_C_T	QTD000216_ENSG00000283667_L1	chr18_63970628_C_A
0.9230548	QTD000161_ENSG00000283667_L1	chr18_63970740_C_T	QTD000241_ENSG00000166401_L2	chr18_63964098_G_C
0.82886785	QTD000161_ENSG00000283667_L1	chr18_63970740_C_T	QTD000171_ENSG00000283667_L1	chr18_63958124_T_C
0.76751965	QTD000161_ENSG00000283667_L1	chr18_63970740_C_T	QTD000246_ENSG00000283667_L1	chr18_63966335_T_C
0.7609703	QTD000161_ENSG00000283667_L1	chr18_63970740_C_T	QTD000281_ENSG00000283667_L1	chr18_63926341_T_C
0.970593	QTD000161_ENSG00000283667_L1	chr18_63970740_C_T	QTD000311_ENSG00000283667_L1	chr18_63970740_C_T
0.8291082	QTD000221_ENSG00000166401_L1	chr18_63955557_G_A	QTD000221_ENSG00000283667_L1	chr18_63958124_T_C
0.06376906	QTD000221_ENSG00000166401_L1	chr18_63955557_G_A	QTD000336_ENSG00000283667_L2	chr18_63970740_C_T
0.10859117	QTD000196_ENSG00000283667_L1	chr18_63955557_G_A	QTD000221_ENSG00000166401_L1	chr18_63970740_C_T
0.355365	QTD000166_ENSG00000283667_L3	chr18_63955557_G_A	QTD000221_ENSG00000166401_L1	chr18_63970740_C_T
0.7327245	QTD000216_ENSG00000283667_L1	chr18_63955557_G_A	QTD000221_ENSG00000166401_L1	chr18_63970628_C_A
0.061740875	QTD000221_ENSG00000166401_L1	chr18_63955557_G_A	QTD000241_ENSG00000166401_L2	chr18_63964098_G_C
0.629972	QTD000171_ENSG00000283667_L1	chr18_63955557_G_A	QTD000221_ENSG00000166401_L1	chr18_63958124_T_C
0.06785424	QTD000221_ENSG00000166401_L1	chr18_63955557_G_A	QTD000246_ENSG00000283667_L1	chr18_63966335_T_C
0.28357875	QTD000221_ENSG00000166401_L1	chr18_63955557_G_A	QTD000281_ENSG00000283667_L1	chr18_63926341_T_C
0.29863468	QTD000221_ENSG00000166401_L1	chr18_63955557_G_A	QTD000311_ENSG00000283667_L1	chr18_63970740_C_T
0.071701854	QTD000221_ENSG00000283667_L1	chr18_63958124_T_C	QTD000336_ENSG00000283667_L2	chr18_63970740_C_T
0.14176904	QTD000196_ENSG00000283667_L1	chr18_63958124_T_C	QTD000221_ENSG00000283667_L1	chr18_63970740_C_T
0.45122305	QTD000166_ENSG00000283667_L3	chr18_63958124_T_C	QTD000221_ENSG00000283667_L1	chr18_63970740_C_T
0.8091561	QTD000216_ENSG00000283667_L1	chr18_63958124_T_C	QTD000221_ENSG00000283667_L1	chr18_63970628_C_A
0.05929775	QTD000221_ENSG00000283667_L1	chr18_63958124_T_C	QTD000241_ENSG00000166401_L2	chr18_63964098_G_C
0.80694294	QTD000171_ENSG00000283667_L1	chr18_63958124_T_C	QTD000221_ENSG00000283667_L1	chr18_63958124_T_C
0.11522114	QTD000221_ENSG00000283667_L1	chr18_63958124_T_C	QTD000246_ENSG00000283667_L1	chr18_63966335_T_C
0.405273	QTD000221_ENSG00000283667_L1	chr18_63958124_T_C	QTD000281_ENSG00000283667_L1	chr18_63926341_T_C
0.449704	QTD000221_ENSG00000283667_L1	chr18_63958124_T_C	QTD000311_ENSG00000283667_L1	chr18_63970740_C_T
0.9468532	QTD000196_ENSG00000283667_L1	chr18_63970740_C_T	QTD000336_ENSG00000283667_L2	chr18_63970740_C_T
0.7610327	QTD000166_ENSG00000283667_L3	chr18_63970740_C_T	QTD000336_ENSG00000283667_L2	chr18_63970740_C_T
0.8975079	QTD000216_ENSG00000283667_L1	chr18_63970740_C_T	QTD000336_ENSG00000283667_L2	chr18_63970628_C_A
0.95001715	QTD000241_ENSG00000166401_L2	chr18_63970740_C_T	QTD000336_ENSG00000283667_L2	chr18_63964098_G_C
0.7603638	QTD000171_ENSG00000283667_L1	chr18_63970740_C_T	QTD000336_ENSG00000283667_L2	chr18_63958124_T_C
0.87842953	QTD000246_ENSG00000283667_L1	chr18_63970740_C_T	QTD000336_ENSG00000283667_L2	chr18_63966335_T_C
0.7915964	QTD000281_ENSG00000283667_L1	chr18_63970740_C_T	QTD000336_ENSG00000283667_L2	chr18_63926341_T_C
0.94310063	QTD000311_ENSG00000283667_L1	chr18_63970740_C_T	QTD000336_ENSG00000283667_L2	chr18_63970740_C_T
0.8325485	QTD000166_ENSG00000283667_L3	chr18_63970740_C_T	QTD000196_ENSG00000283667_L1	chr18_63970740_C_T
0.90869737	QTD000196_ENSG00000283667_L1	chr18_63970740_C_T	QTD000216_ENSG00000283667_L1	chr18_63970628_C_A
0.92549115	QTD000196_ENSG00000283667_L1	chr18_63970740_C_T	QTD000241_ENSG00000166401_L2	chr18_63964098_G_C
0.81296325	QTD000171_ENSG00000283667_L1	chr18_63970740_C_T	QTD000196_ENSG00000283667_L1	chr18_63958124_T_C
0.8272237	QTD000196_ENSG00000283667_L1	chr18_63970740_C_T	QTD000246_ENSG00000283667_L1	chr18_63966335_T_C
0.8052363	QTD000196_ENSG00000283667_L1	chr18_63970740_C_T	QTD000281_ENSG00000283667_L1	chr18_63926341_T_C
0.9694144	QTD000196_ENSG00000283667_L1	chr18_63970740_C_T	QTD000311_ENSG00000283667_L1	chr18_63970740_C_T
0.7143782	QTD000166_ENSG00000283667_L3	chr18_63970740_C_T	QTD000216_ENSG00000283667_L1	chr18_63970628_C_A
0.7591763	QTD000166_ENSG00000283667_L3	chr18_63970740_C_T	QTD000241_ENSG00000166401_L2	chr18_63964098_G_C
0.52343214	QTD000166_ENSG00000283667_L3	chr18_63970740_C_T	QTD000171_ENSG00000283667_L1	chr18_63958124_T_C
0.58795375	QTD000166_ENSG00000283667_L3	chr18_63970740_C_T	QTD000246_ENSG00000283667_L1	chr18_63966335_T_C
0.48361868	QTD000166_ENSG00000283667_L3	chr18_63970740_C_T	QTD000281_ENSG00000283667_L1	chr18_63926341_T_C
0.79911315	QTD000166_ENSG00000283667_L3	chr18_63970740_C_T	QTD000311_ENSG00000283667_L1	chr18_63970740_C_T
0.92640066	QTD000216_ENSG00000283667_L1	chr18_63970628_C_A	QTD000241_ENSG00000166401_L2	chr18_63964098_G_C
0.7902138	QTD000171_ENSG00000283667_L1	chr18_63970628_C_A	QTD000216_ENSG00000283667_L1	chr18_63958124_T_C
0.64866525	QTD000216_ENSG00000283667_L1	chr18_63970628_C_A	QTD000246_ENSG00000283667_L1	chr18_63966335_T_C
0.62585807	QTD000216_ENSG00000283667_L1	chr18_63970628_C_A	QTD000281_ENSG00000283667_L1	chr18_63926341_T_C
0.8346266	QTD000216_ENSG00000283667_L1	chr18_63970628_C_A	QTD000311_ENSG00000283667_L1	chr18_63970740_C_T
0.7839918	QTD000171_ENSG00000283667_L1	chr18_63964098_G_C	QTD000241_ENSG00000166401_L2	chr18_63958124_T_C
0.8634658	QTD000241_ENSG00000166401_L2	chr18_63964098_G_C	QTD000246_ENSG00000283667_L1	chr18_63966335_T_C
0.82329804	QTD000241_ENSG00000166401_L2	chr18_63964098_G_C	QTD000281_ENSG00000283667_L1	chr18_63926341_T_C
0.93092805	QTD000241_ENSG00000166401_L2	chr18_63964098_G_C	QTD000311_ENSG00000283667_L1	chr18_63970740_C_T
0.53508997	QTD000171_ENSG00000283667_L1	chr18_63958124_T_C	QTD000246_ENSG00000283667_L1	chr18_63966335_T_C
0.48080197	QTD000171_ENSG00000283667_L1	chr18_63958124_T_C	QTD000281_ENSG00000283667_L1	chr18_63926341_T_C
0.79010004	QTD000171_ENSG00000283667_L1	chr18_63958124_T_C	QTD000311_ENSG00000283667_L1	chr18_63970740_C_T
0.70434517	QTD000246_ENSG00000283667_L1	chr18_63966335_T_C	QTD000281_ENSG00000283667_L1	chr18_63926341_T_C
0.8661809	QTD000246_ENSG00000283667_L1	chr18_63966335_T_C	QTD000311_ENSG00000283667_L1	chr18_63970740_C_T
0.804277	QTD000281_ENSG00000283667_L1	chr18_63926341_T_C	QTD000311_ENSG00000283667_L1	chr18_63970740_C_T
0.7791544	QTD000141_ENSG00000283667_L1	chr18_63970740_C_T	QTD000161_ENSG00000283667_L1	chr18_63966335_T_C
0.94593984	QTD000161_ENSG00000283667_L1	chr18_63970740_C_T	QTD000341_ENSG00000283667_L2	chr18_63966335_T_C
0.6899819	QTD000161_ENSG00000283667_L1	chr18_63970740_C_T	QTD000316_ENSG00000283667_L1	chr18_63967130_AGACTCTTT_A
0.81178874	QTD000161_ENSG00000283667_L1	chr18_63970740_C_T	QTD000341_ENSG00000221887_L1	chr18_63967130_AGACTCTTT_A
0.73357326	QTD000161_ENSG00000283667_L1	chr18_63970740_C_T	QTD000316_ENSG00000221887_L2	chr18_63953532_G_A
0.45077315	QTD000161_ENSG00000283667_L1	chr18_63970740_C_T	QTD000286_ENSG00000221887_L1	chr18_63966010_T_C
0.06731207	QTD000141_ENSG00000283667_L1	chr18_63955557_G_A	QTD000221_ENSG00000166401_L1	chr18_63966335_T_C
0.03847995	QTD000221_ENSG00000166401_L1	chr18_63955557_G_A	QTD000341_ENSG00000283667_L2	chr18_63966335_T_C
0.8841008	QTD000221_ENSG00000166401_L1	chr18_63955557_G_A	QTD000316_ENSG00000283667_L1	chr18_63967130_AGACTCTTT_A
0.8343942	QTD000221_ENSG00000166401_L1	chr18_63955557_G_A	QTD000341_ENSG00000221887_L1	chr18_63967130_AGACTCTTT_A
0.8217308	QTD000221_ENSG00000166401_L1	chr18_63955557_G_A	QTD000316_ENSG00000221887_L2	chr18_63953532_G_A
0.7881584	QTD000221_ENSG00000166401_L1	chr18_63955557_G_A	QTD000286_ENSG00000221887_L1	chr18_63966010_T_C
0.10968275	QTD000141_ENSG00000283667_L1	chr18_63958124_T_C	QTD000221_ENSG00000283667_L1	chr18_63966335_T_C
0.064583786	QTD000221_ENSG00000283667_L1	chr18_63958124_T_C	QTD000341_ENSG00000283667_L2	chr18_63966335_T_C
0.91618955	QTD000221_ENSG00000283667_L1	chr18_63958124_T_C	QTD000316_ENSG00000283667_L1	chr18_63967130_AGACTCTTT_A
0.88344675	QTD000221_ENSG00000283667_L1	chr18_63958124_T_C	QTD000341_ENSG00000221887_L1	chr18_63967130_AGACTCTTT_A
0.8645914	QTD000221_ENSG00000283667_L1	chr18_63958124_T_C	QTD000316_ENSG00000221887_L2	chr18_63953532_G_A
0.9022658	QTD000221_ENSG00000283667_L1	chr18_63958124_T_C	QTD000286_ENSG00000221887_L1	chr18_63966010_T_C
0.9249282	QTD000141_ENSG00000283667_L1	chr18_63970740_C_T	QTD000336_ENSG00000283667_L2	chr18_63966335_T_C
0.934135	QTD000336_ENSG00000283667_L2	chr18_63970740_C_T	QTD000341_ENSG00000283667_L2	chr18_63966335_T_C
0.18950035	QTD000316_ENSG00000283667_L1	chr18_63970740_C_T	QTD000336_ENSG00000283667_L2	chr18_63967130_AGACTCTTT_A
0.81588674	QTD000336_ENSG00000283667_L2	chr18_63970740_C_T	QTD000341_ENSG00000221887_L1	chr18_63967130_AGACTCTTT_A
0.5506999	QTD000316_ENSG00000221887_L2	chr18_63970740_C_T	QTD000336_ENSG00000283667_L2	chr18_63953532_G_A
0.012234916	QTD000286_ENSG00000221887_L1	chr18_63970740_C_T	QTD000336_ENSG00000283667_L2	chr18_63966010_T_C
0.7746113	QTD000141_ENSG00000283667_L1	chr18_63970740_C_T	QTD000196_ENSG00000283667_L1	chr18_63966335_T_C
0.94863194	QTD000196_ENSG00000283667_L1	chr18_63970740_C_T	QTD000341_ENSG00000283667_L2	chr18_63966335_T_C
0.315586	QTD000196_ENSG00000283667_L1	chr18_63970740_C_T	QTD000316_ENSG00000283667_L1	chr18_63967130_AGACTCTTT_A
0.77029437	QTD000196_ENSG00000283667_L1	chr18_63970740_C_T	QTD000341_ENSG00000221887_L1	chr18_63967130_AGACTCTTT_A
0.64457685	QTD000196_ENSG00000283667_L1	chr18_63970740_C_T	QTD000316_ENSG00000221887_L2	chr18_63953532_G_A
0.048791796	QTD000196_ENSG00000283667_L1	chr18_63970740_C_T	QTD000286_ENSG00000221887_L1	chr18_63966010_T_C
0.65459	QTD000141_ENSG00000283667_L1	chr18_63970740_C_T	QTD000166_ENSG00000283667_L3	chr18_63966335_T_C
0.7589946	QTD000166_ENSG00000283667_L3	chr18_63970740_C_T	QTD000341_ENSG00000283667_L2	chr18_63966335_T_C
0.55568427	QTD000166_ENSG00000283667_L3	chr18_63970740_C_T	QTD000316_ENSG00000283667_L1	chr18_63967130_AGACTCTTT_A
0.6262903	QTD000166_ENSG00000283667_L3	chr18_63970740_C_T	QTD000341_ENSG00000221887_L1	chr18_63967130_AGACTCTTT_A
0.51648384	QTD000166_ENSG00000283667_L3	chr18_63970740_C_T	QTD000316_ENSG00000221887_L2	chr18_63953532_G_A
0.38929996	QTD000166_ENSG00000283667_L3	chr18_63970740_C_T	QTD000286_ENSG00000221887_L1	chr18_63966010_T_C
0.73666775	QTD000141_ENSG00000283667_L1	chr18_63970628_C_A	QTD000216_ENSG00000283667_L1	chr18_63966335_T_C
0.73752815	QTD000216_ENSG00000283667_L1	chr18_63970628_C_A	QTD000341_ENSG00000283667_L2	chr18_63966335_T_C
0.90963554	QTD000216_ENSG00000283667_L1	chr18_63970628_C_A	QTD000316_ENSG00000283667_L1	chr18_63967130_AGACTCTTT_A
0.9041349	QTD000216_ENSG00000283667_L1	chr18_63970628_C_A	QTD000341_ENSG00000221887_L1	chr18_63967130_AGACTCTTT_A
0.8767339	QTD000216_ENSG00000283667_L1	chr18_63970628_C_A	QTD000316_ENSG00000221887_L2	chr18_63953532_G_A
0.5948152	QTD000216_ENSG00000283667_L1	chr18_63970628_C_A	QTD000286_ENSG00000221887_L1	chr18_63966010_T_C
0.8534273	QTD000141_ENSG00000283667_L1	chr18_63964098_G_C	QTD000241_ENSG00000166401_L2	chr18_63966335_T_C
0.83157253	QTD000241_ENSG00000166401_L2	chr18_63964098_G_C	QTD000341_ENSG00000283667_L2	chr18_63966335_T_C
0.15112147	QTD000241_ENSG00000166401_L2	chr18_63964098_G_C	QTD000316_ENSG00000283667_L1	chr18_63967130_AGACTCTTT_A
0.87087566	QTD000241_ENSG00000166401_L2	chr18_63964098_G_C	QTD000341_ENSG00000221887_L1	chr18_63967130_AGACTCTTT_A
0.55268234	QTD000241_ENSG00000166401_L2	chr18_63964098_G_C	QTD000316_ENSG00000221887_L2	chr18_63953532_G_A
0.011066119	QTD000241_ENSG00000166401_L2	chr18_63964098_G_C	QTD000286_ENSG00000221887_L1	chr18_63966010_T_C
0.64084774	QTD000141_ENSG00000283667_L1	chr18_63958124_T_C	QTD000171_ENSG00000283667_L1	chr18_63966335_T_C
0.71462685	QTD000171_ENSG00000283667_L1	chr18_63958124_T_C	QTD000341_ENSG00000283667_L2	chr18_63966335_T_C
0.6683759	QTD000171_ENSG00000283667_L1	chr18_63958124_T_C	QTD000316_ENSG00000283667_L1	chr18_63967130_AGACTCTTT_A
0.7315486	QTD000171_ENSG00000283667_L1	chr18_63958124_T_C	QTD000341_ENSG00000221887_L1	chr18_63967130_AGACTCTTT_A
0.52499866	QTD000171_ENSG00000283667_L1	chr18_63958124_T_C	QTD000316_ENSG00000221887_L2	chr18_63953532_G_A
0.83408076	QTD000171_ENSG00000283667_L1	chr18_63958124_T_C	QTD000286_ENSG00000221887_L1	chr18_63966010_T_C
0.966809	QTD000141_ENSG00000283667_L1	chr18_63966335_T_C	QTD000246_ENSG00000283667_L1	chr18_63966335_T_C
0.95487666	QTD000246_ENSG00000283667_L1	chr18_63966335_T_C	QTD000341_ENSG00000283667_L2	chr18_63966335_T_C
0.14676782	QTD000246_ENSG00000283667_L1	chr18_63966335_T_C	QTD000316_ENSG00000283667_L1	chr18_63967130_AGACTCTTT_A
0.69100124	QTD000246_ENSG00000283667_L1	chr18_63966335_T_C	QTD000341_ENSG00000221887_L1	chr18_63967130_AGACTCTTT_A
0.41566554	QTD000246_ENSG00000283667_L1	chr18_63966335_T_C	QTD000316_ENSG00000221887_L2	chr18_63953532_G_A
0.07774639	QTD000246_ENSG00000283667_L1	chr18_63966335_T_C	QTD000286_ENSG00000221887_L1	chr18_63966010_T_C
0.64828557	QTD000141_ENSG00000283667_L1	chr18_63926341_T_C	QTD000281_ENSG00000283667_L1	chr18_63966335_T_C
0.73741	QTD000281_ENSG00000283667_L1	chr18_63926341_T_C	QTD000341_ENSG00000283667_L2	chr18_63966335_T_C
0.5316676	QTD000281_ENSG00000283667_L1	chr18_63926341_T_C	QTD000316_ENSG00000283667_L1	chr18_63967130_AGACTCTTT_A
0.6573263	QTD000281_ENSG00000283667_L1	chr18_63926341_T_C	QTD000341_ENSG00000221887_L1	chr18_63967130_AGACTCTTT_A
0.5510288	QTD000281_ENSG00000283667_L1	chr18_63926341_T_C	QTD000316_ENSG00000221887_L2	chr18_63953532_G_A
0.33540684	QTD000281_ENSG00000283667_L1	chr18_63926341_T_C	QTD000286_ENSG00000221887_L1	chr18_63966010_T_C
0.91357553	QTD000141_ENSG00000283667_L1	chr18_63970740_C_T	QTD000311_ENSG00000283667_L1	chr18_63966335_T_C
0.9552665	QTD000311_ENSG00000283667_L1	chr18_63970740_C_T	QTD000341_ENSG00000283667_L2	chr18_63966335_T_C
0.52001566	QTD000311_ENSG00000283667_L1	chr18_63970740_C_T	QTD000316_ENSG00000283667_L1	chr18_63967130_AGACTCTTT_A
0.7941219	QTD000311_ENSG00000283667_L1	chr18_63970740_C_T	QTD000341_ENSG00000221887_L1	chr18_63967130_AGACTCTTT_A
0.6353078	QTD000311_ENSG00000283667_L1	chr18_63970740_C_T	QTD000316_ENSG00000221887_L2	chr18_63953532_G_A
0.44358823	QTD000286_ENSG00000221887_L1	chr18_63970740_C_T	QTD000311_ENSG00000283667_L1	chr18_63966010_T_C
0.7791544	QTD000141_ENSG00000283667_L1	chr18_63966335_T_C	QTD000161_ENSG00000283667_L1	chr18_63970740_C_T
0.06731207	QTD000141_ENSG00000283667_L1	chr18_63966335_T_C	QTD000221_ENSG00000166401_L1	chr18_63955557_G_A
0.10968275	QTD000141_ENSG00000283667_L1	chr18_63966335_T_C	QTD000221_ENSG00000283667_L1	chr18_63958124_T_C
0.9249282	QTD000141_ENSG00000283667_L1	chr18_63966335_T_C	QTD000336_ENSG00000283667_L2	chr18_63970740_C_T
0.7746113	QTD000141_ENSG00000283667_L1	chr18_63966335_T_C	QTD000196_ENSG00000283667_L1	chr18_63970740_C_T
0.65459	QTD000141_ENSG00000283667_L1	chr18_63966335_T_C	QTD000166_ENSG00000283667_L3	chr18_63970740_C_T
0.73666775	QTD000141_ENSG00000283667_L1	chr18_63966335_T_C	QTD000216_ENSG00000283667_L1	chr18_63970628_C_A
0.8534273	QTD000141_ENSG00000283667_L1	chr18_63966335_T_C	QTD000241_ENSG00000166401_L2	chr18_63964098_G_C
0.64084774	QTD000141_ENSG00000283667_L1	chr18_63966335_T_C	QTD000171_ENSG00000283667_L1	chr18_63958124_T_C
0.966809	QTD000141_ENSG00000283667_L1	chr18_63966335_T_C	QTD000246_ENSG00000283667_L1	chr18_63966335_T_C
0.64828557	QTD000141_ENSG00000283667_L1	chr18_63966335_T_C	QTD000281_ENSG00000283667_L1	chr18_63926341_T_C
0.91357553	QTD000141_ENSG00000283667_L1	chr18_63966335_T_C	QTD000311_ENSG00000283667_L1	chr18_63970740_C_T
0.94593984	QTD000161_ENSG00000283667_L1	chr18_63966335_T_C	QTD000341_ENSG00000283667_L2	chr18_63970740_C_T
0.03847995	QTD000221_ENSG00000166401_L1	chr18_63966335_T_C	QTD000341_ENSG00000283667_L2	chr18_63955557_G_A
0.064583786	QTD000221_ENSG00000283667_L1	chr18_63966335_T_C	QTD000341_ENSG00000283667_L2	chr18_63958124_T_C
0.934135	QTD000336_ENSG00000283667_L2	chr18_63966335_T_C	QTD000341_ENSG00000283667_L2	chr18_63970740_C_T
0.94863194	QTD000196_ENSG00000283667_L1	chr18_63966335_T_C	QTD000341_ENSG00000283667_L2	chr18_63970740_C_T
0.7589946	QTD000166_ENSG00000283667_L3	chr18_63966335_T_C	QTD000341_ENSG00000283667_L2	chr18_63970740_C_T
0.73752815	QTD000216_ENSG00000283667_L1	chr18_63966335_T_C	QTD000341_ENSG00000283667_L2	chr18_63970628_C_A
0.83157253	QTD000241_ENSG00000166401_L2	chr18_63966335_T_C	QTD000341_ENSG00000283667_L2	chr18_63964098_G_C
0.71462685	QTD000171_ENSG00000283667_L1	chr18_63966335_T_C	QTD000341_ENSG00000283667_L2	chr18_63958124_T_C
0.95487666	QTD000246_ENSG00000283667_L1	chr18_63966335_T_C	QTD000341_ENSG00000283667_L2	chr18_63966335_T_C
0.73741	QTD000281_ENSG00000283667_L1	chr18_63966335_T_C	QTD000341_ENSG00000283667_L2	chr18_63926341_T_C
0.9552665	QTD000311_ENSG00000283667_L1	chr18_63966335_T_C	QTD000341_ENSG00000283667_L2	chr18_63970740_C_T
0.6899819	QTD000161_ENSG00000283667_L1	chr18_63967130_AGACTCTTT_A	QTD000316_ENSG00000283667_L1	chr18_63970740_C_T
0.8841008	QTD000221_ENSG00000166401_L1	chr18_63967130_AGACTCTTT_A	QTD000316_ENSG00000283667_L1	chr18_63955557_G_A
0.91618955	QTD000221_ENSG00000283667_L1	chr18_63967130_AGACTCTTT_A	QTD000316_ENSG00000283667_L1	chr18_63958124_T_C
0.18950035	QTD000316_ENSG00000283667_L1	chr18_63967130_AGACTCTTT_A	QTD000336_ENSG00000283667_L2	chr18_63970740_C_T
0.315586	QTD000196_ENSG00000283667_L1	chr18_63967130_AGACTCTTT_A	QTD000316_ENSG00000283667_L1	chr18_63970740_C_T
0.55568427	QTD000166_ENSG00000283667_L3	chr18_63967130_AGACTCTTT_A	QTD000316_ENSG00000283667_L1	chr18_63970740_C_T
0.90963554	QTD000216_ENSG00000283667_L1	chr18_63967130_AGACTCTTT_A	QTD000316_ENSG00000283667_L1	chr18_63970628_C_A
0.15112147	QTD000241_ENSG00000166401_L2	chr18_63967130_AGACTCTTT_A	QTD000316_ENSG00000283667_L1	chr18_63964098_G_C
0.6683759	QTD000171_ENSG00000283667_L1	chr18_63967130_AGACTCTTT_A	QTD000316_ENSG00000283667_L1	chr18_63958124_T_C
0.14676782	QTD000246_ENSG00000283667_L1	chr18_63967130_AGACTCTTT_A	QTD000316_ENSG00000283667_L1	chr18_63966335_T_C
0.5316676	QTD000281_ENSG00000283667_L1	chr18_63967130_AGACTCTTT_A	QTD000316_ENSG00000283667_L1	chr18_63926341_T_C
0.52001566	QTD000311_ENSG00000283667_L1	chr18_63967130_AGACTCTTT_A	QTD000316_ENSG00000283667_L1	chr18_63970740_C_T
0.81178874	QTD000161_ENSG00000283667_L1	chr18_63967130_AGACTCTTT_A	QTD000341_ENSG00000221887_L1	chr18_63970740_C_T
0.8343942	QTD000221_ENSG00000166401_L1	chr18_63967130_AGACTCTTT_A	QTD000341_ENSG00000221887_L1	chr18_63955557_G_A
0.88344675	QTD000221_ENSG00000283667_L1	chr18_63967130_AGACTCTTT_A	QTD000341_ENSG00000221887_L1	chr18_63958124_T_C
0.81588674	QTD000336_ENSG00000283667_L2	chr18_63967130_AGACTCTTT_A	QTD000341_ENSG00000221887_L1	chr18_63970740_C_T
0.77029437	QTD000196_ENSG00000283667_L1	chr18_63967130_AGACTCTTT_A	QTD000341_ENSG00000221887_L1	chr18_63970740_C_T
0.6262903	QTD000166_ENSG00000283667_L3	chr18_63967130_AGACTCTTT_A	QTD000341_ENSG00000221887_L1	chr18_63970740_C_T
0.9041349	QTD000216_ENSG00000283667_L1	chr18_63967130_AGACTCTTT_A	QTD000341_ENSG00000221887_L1	chr18_63970628_C_A
0.87087566	QTD000241_ENSG00000166401_L2	chr18_63967130_AGACTCTTT_A	QTD000341_ENSG00000221887_L1	chr18_63964098_G_C
0.7315486	QTD000171_ENSG00000283667_L1	chr18_63967130_AGACTCTTT_A	QTD000341_ENSG00000221887_L1	chr18_63958124_T_C
0.69100124	QTD000246_ENSG00000283667_L1	chr18_63967130_AGACTCTTT_A	QTD000341_ENSG00000221887_L1	chr18_63966335_T_C
0.6573263	QTD000281_ENSG00000283667_L1	chr18_63967130_AGACTCTTT_A	QTD000341_ENSG00000221887_L1	chr18_63926341_T_C
0.7941219	QTD000311_ENSG00000283667_L1	chr18_63967130_AGACTCTTT_A	QTD000341_ENSG00000221887_L1	chr18_63970740_C_T
0.73357326	QTD000161_ENSG00000283667_L1	chr18_63953532_G_A	QTD000316_ENSG00000221887_L2	chr18_63970740_C_T
0.8217308	QTD000221_ENSG00000166401_L1	chr18_63953532_G_A	QTD000316_ENSG00000221887_L2	chr18_63955557_G_A
0.8645914	QTD000221_ENSG00000283667_L1	chr18_63953532_G_A	QTD000316_ENSG00000221887_L2	chr18_63958124_T_C
0.5506999	QTD000316_ENSG00000221887_L2	chr18_63953532_G_A	QTD000336_ENSG00000283667_L2	chr18_63970740_C_T
0.64457685	QTD000196_ENSG00000283667_L1	chr18_63953532_G_A	QTD000316_ENSG00000221887_L2	chr18_63970740_C_T
0.51648384	QTD000166_ENSG00000283667_L3	chr18_63953532_G_A	QTD000316_ENSG00000221887_L2	chr18_63970740_C_T
0.8767339	QTD000216_ENSG00000283667_L1	chr18_63953532_G_A	QTD000316_ENSG00000221887_L2	chr18_63970628_C_A
0.55268234	QTD000241_ENSG00000166401_L2	chr18_63953532_G_A	QTD000316_ENSG00000221887_L2	chr18_63964098_G_C
0.52499866	QTD000171_ENSG00000283667_L1	chr18_63953532_G_A	QTD000316_ENSG00000221887_L2	chr18_63958124_T_C
0.41566554	QTD000246_ENSG00000283667_L1	chr18_63953532_G_A	QTD000316_ENSG00000221887_L2	chr18_63966335_T_C
0.5510288	QTD000281_ENSG00000283667_L1	chr18_63953532_G_A	QTD000316_ENSG00000221887_L2	chr18_63926341_T_C
0.6353078	QTD000311_ENSG00000283667_L1	chr18_63953532_G_A	QTD000316_ENSG00000221887_L2	chr18_63970740_C_T
0.45077315	QTD000161_ENSG00000283667_L1	chr18_63966010_T_C	QTD000286_ENSG00000221887_L1	chr18_63970740_C_T
0.7881584	QTD000221_ENSG00000166401_L1	chr18_63966010_T_C	QTD000286_ENSG00000221887_L1	chr18_63955557_G_A
0.9022658	QTD000221_ENSG00000283667_L1	chr18_63966010_T_C	QTD000286_ENSG00000221887_L1	chr18_63958124_T_C
0.012234916	QTD000286_ENSG00000221887_L1	chr18_63966010_T_C	QTD000336_ENSG00000283667_L2	chr18_63970740_C_T
0.048791796	QTD000196_ENSG00000283667_L1	chr18_63966010_T_C	QTD000286_ENSG00000221887_L1	chr18_63970740_C_T
0.38929996	QTD000166_ENSG00000283667_L3	chr18_63966010_T_C	QTD000286_ENSG00000221887_L1	chr18_63970740_C_T
0.5948152	QTD000216_ENSG00000283667_L1	chr18_63966010_T_C	QTD000286_ENSG00000221887_L1	chr18_63970628_C_A
0.011066119	QTD000241_ENSG00000166401_L2	chr18_63966010_T_C	QTD000286_ENSG00000221887_L1	chr18_63964098_G_C
0.83408076	QTD000171_ENSG00000283667_L1	chr18_63966010_T_C	QTD000286_ENSG00000221887_L1	chr18_63958124_T_C
0.07774639	QTD000246_ENSG00000283667_L1	chr18_63966010_T_C	QTD000286_ENSG00000221887_L1	chr18_63966335_T_C
0.33540684	QTD000281_ENSG00000283667_L1	chr18_63966010_T_C	QTD000286_ENSG00000221887_L1	chr18_63926341_T_C
0.44358823	QTD000286_ENSG00000221887_L1	chr18_63966010_T_C	QTD000311_ENSG00000283667_L1	chr18_63970740_C_T
0.9890889	QTD000141_ENSG00000283667_L1	chr18_63966335_T_C	QTD000341_ENSG00000283667_L2	chr18_63966335_T_C
0.14974195	QTD000141_ENSG00000283667_L1	chr18_63966335_T_C	QTD000316_ENSG00000283667_L1	chr18_63967130_AGACTCTTT_A
0.76660377	QTD000141_ENSG00000283667_L1	chr18_63966335_T_C	QTD000341_ENSG00000221887_L1	chr18_63967130_AGACTCTTT_A
0.46964002	QTD000141_ENSG00000283667_L1	chr18_63966335_T_C	QTD000316_ENSG00000221887_L2	chr18_63953532_G_A
0.0078878775	QTD000141_ENSG00000283667_L1	chr18_63966335_T_C	QTD000286_ENSG00000221887_L1	chr18_63966010_T_C
0.11680524	QTD000316_ENSG00000283667_L1	chr18_63966335_T_C	QTD000341_ENSG00000283667_L2	chr18_63967130_AGACTCTTT_A
0.7246163	QTD000341_ENSG00000221887_L1	chr18_63966335_T_C	QTD000341_ENSG00000283667_L2	chr18_63967130_AGACTCTTT_A
0.54108566	QTD000316_ENSG00000221887_L2	chr18_63966335_T_C	QTD000341_ENSG00000283667_L2	chr18_63953532_G_A
0.00011344956	QTD000286_ENSG00000221887_L1	chr18_63966335_T_C	QTD000341_ENSG00000283667_L2	chr18_63966010_T_C
0.95693326	QTD000316_ENSG00000283667_L1	chr18_63967130_AGACTCTTT_A	QTD000341_ENSG00000221887_L1	chr18_63967130_AGACTCTTT_A
0.9554269	QTD000316_ENSG00000221887_L2	chr18_63967130_AGACTCTTT_A	QTD000316_ENSG00000283667_L1	chr18_63953532_G_A
0.5156344	QTD000286_ENSG00000221887_L1	chr18_63967130_AGACTCTTT_A	QTD000316_ENSG00000283667_L1	chr18_63966010_T_C
0.9242739	QTD000316_ENSG00000221887_L2	chr18_63967130_AGACTCTTT_A	QTD000341_ENSG00000221887_L1	chr18_63953532_G_A
0.6827294	QTD000286_ENSG00000221887_L1	chr18_63967130_AGACTCTTT_A	QTD000341_ENSG00000221887_L1	chr18_63966010_T_C
0.17416151	QTD000286_ENSG00000221887_L1	chr18_63953532_G_A	QTD000316_ENSG00000221887_L2	chr18_63966010_T_C
